pipeline,head,label,element_wape_present,element_mae_macro,alloy_top1,alloy_top3,class_nll
conventional,knn,kNN retrieval,0.31306115484835034,0.43263888888888885,0.3888888888888889,0.5,6.019148571316275
conventional,xgb_classifier,XGBoost classifier,0.516074523506121,0.3924305555555555,0.3333333333333333,0.5555555555555556,3.865946069239764
conventional,catboost_classifier,CatBoost classifier,0.2476938704315192,0.28437500000000004,0.4444444444444444,0.5555555555555556,2.406525684151055
conventional,ft_transformer,FT-Transformer,0.36347298056087696,0.30124999999999996,0.4444444444444444,0.6666666666666666,2.0523366928100586
conventional,catboost_knn_fusion,CatBoost + kNN fusion,0.2532982551836424,0.30736111111111114,0.4444444444444444,0.5555555555555556,2.271883464681653
conventional,balanced_fusion,Condition-balanced fusion,0.2405581869773483,0.24819444444444447,0.5,0.5555555555555556,2.1247222554646834
conventional,prior_adjusted_balanced_fusion,Prior-adjusted balanced fusion,0.4765046729659924,0.29666666666666663,0.3888888888888889,0.5555555555555556,2.062676702173066
conventional,xgb_regression,XGBoost regression,0.3960748618136328,0.2319576820191772,,,
conventional,catboost_regression,CatBoost regression,0.46310028962674227,0.29041619191177703,,,
genai,knn,kNN retrieval,0.40894113442187696,0.5265277777777777,0.3333333333333333,0.4444444444444444,5.1511640732043285
genai,xgb_classifier,XGBoost classifier,0.3749041673075193,0.27486111111111117,0.2222222222222222,0.5,3.087056080180668
genai,catboost_classifier,CatBoost classifier,0.39362478610482093,0.29993055555555553,0.2222222222222222,0.5555555555555556,2.597338971962782
genai,ft_transformer,FT-Transformer,0.5178059120115559,0.34625,0.2222222222222222,0.5,2.5035767555236816
genai,catboost_knn_fusion,CatBoost + kNN fusion,0.39268660715953163,0.2972916666666667,0.2222222222222222,0.5,2.645805353282744
genai,balanced_fusion,Condition-balanced fusion,0.39268660715953163,0.2972916666666667,0.2222222222222222,0.5,2.5981903852204726
genai,prior_adjusted_balanced_fusion,Prior-adjusted balanced fusion,0.38649203108089614,0.3336111111111111,0.2222222222222222,0.5,2.5576398808363145
genai,xgb_regression,XGBoost regression,0.4749066934656829,0.256790657639166,,,
genai,catboost_regression,CatBoost regression,0.5041309805876538,0.2731167793206598,,,
gnn,knn,kNN retrieval,0.3878018213967752,0.29125,0.2222222222222222,0.4444444444444444,7.502819920484492
gnn,xgb_classifier,XGBoost classifier,0.36966182434993977,0.24534722222222222,0.2222222222222222,0.5555555555555556,3.461207405247608
gnn,catboost_classifier,CatBoost classifier,0.380292769513867,0.26243055555555556,0.2222222222222222,0.5555555555555556,2.9227389287119903
gnn,ft_transformer,FT-Transformer,0.5150059490492311,0.33208333333333334,0.16666666666666666,0.4444444444444444,2.555988073348999
gnn,catboost_knn_fusion,CatBoost + kNN fusion,0.380292769513867,0.26243055555555556,0.2222222222222222,0.4444444444444444,3.00279456443065
gnn,balanced_fusion,Condition-balanced fusion,0.3752168312628372,0.2609722222222222,0.2222222222222222,0.4444444444444444,2.9952170983691464
gnn,prior_adjusted_balanced_fusion,Prior-adjusted balanced fusion,0.36737807675936207,0.30548611111111107,0.2222222222222222,0.5,2.9341530420476154
gnn,xgb_regression,XGBoost regression,0.3554697594497502,0.24449017324964684,,,
gnn,catboost_regression,CatBoost regression,0.3857890195058161,0.25108449755371814,,,
