fold,pipeline,head,element_wape_present,element_wape_all,element_mae_macro,macro_false_positive_rate,alloy_top1,alloy_top3,class_nll,element_wape_present_mean,element_wape_present_std,element_wape_all_mean,element_wape_all_std,element_mae_macro_mean,element_mae_macro_std,macro_false_positive_rate_mean,macro_false_positive_rate_std,alloy_top1_mean,alloy_top1_std,alloy_top3_mean,alloy_top3_std,class_nll_mean,class_nll_std
cv_fold0,conventional,knn,0.38122419122695217,0.5150773912071639,0.47556249999999994,0.08333333333333334,0.35,0.6,5.605740550881049,,,,,,,,,,,,,,
cv_fold0,conventional,balanced_fusion,0.1495576493230784,0.2120576493230784,0.1586875,0.006944444444444444,0.6,0.75,1.4045527040880397,,,,,,,,,,,,,,
cv_fold0,conventional,oof_constrained_reranker,0.09529210602559701,0.09529210602559701,0.17287499999999997,0.0,0.65,0.7,1.4532912546425254,,,,,,,,,,,,,,
cv_fold0,genai,knn,0.3979611355479998,1.005303092881897,0.39293749999999994,0.20718954248366014,0.3,0.45,4.908617519504978,,,,,,,,,,,,,,
cv_fold0,genai,balanced_fusion,0.31920744781415844,0.5558251667986756,0.2910625,0.0633169934640523,0.4,0.5,2.3688969225900296,,,,,,,,,,,,,,
cv_fold0,genai,oof_constrained_reranker,0.31920744781415844,0.5558251667986756,0.2910625,0.0633169934640523,0.4,0.5,2.368896807559603,,,,,,,,,,,,,,
cv_fold0,gnn,knn,0.3046444628094998,0.752003978155197,0.33025,0.17802287581699347,0.4,0.5,6.802121787188521,,,,,,,,,,,,,,
cv_fold0,gnn,balanced_fusion,0.3186639951429146,0.6842078461827936,0.3436875,0.14468954248366014,0.35,0.6,2.4480538318921727,,,,,,,,,,,,,,
cv_fold0,gnn,oof_constrained_reranker,0.3186639951429146,0.6842078461827936,0.3436875,0.14468954248366014,0.35,0.6,2.4480537360495056,,,,,,,,,,,,,,
cv_fold1,conventional,knn,0.19951186992017333,0.4076471962016809,0.25355263157894736,0.08261713776419659,0.631578947368421,0.6842105263157895,5.157423823207394,,,,,,,,,,,,,,
cv_fold1,conventional,balanced_fusion,0.09466102211880942,0.09466102211880942,0.1863157894736842,0.0,0.7368421052631579,0.8421052631578947,1.1881957734098108,,,,,,,,,,,,,,
cv_fold1,conventional,oof_constrained_reranker,0.11416885983204131,0.11979442238829693,0.2341447368421053,0.011363636363636364,0.6842105263157895,0.8421052631578947,1.096405757010424,,,,,,,,,,,,,,
cv_fold1,genai,knn,0.4470137309518252,1.013521369847386,0.3864473684210526,0.19946046600458361,0.42105263157894735,0.631578947368421,1.9627406996186565,,,,,,,,,,,,,,
cv_fold1,genai,balanced_fusion,0.4704649483380422,0.7674068980182669,0.3006578947368421,0.10147536287242169,0.3157894736842105,0.7368421052631579,1.85661077555821,,,,,,,,,,,,,,
cv_fold1,genai,oof_constrained_reranker,0.31178481178166845,0.5451674394279947,0.25855263157894737,0.07439202953908836,0.3684210526315789,0.6842105263157895,1.7732633739718087,,,,,,,,,,,,,,
cv_fold1,gnn,knn,0.35708678931157867,0.5742677967958887,0.3015131578947368,0.063028393175452,0.42105263157894735,0.6842105263157895,5.399004583155907,,,,,,,,,,,,,,
cv_fold1,gnn,balanced_fusion,0.43946210465851787,0.7297191697485885,0.31703947368421054,0.08174497071555895,0.3157894736842105,0.6842105263157895,1.7947481901812075,,,,,,,,,,,,,,
cv_fold1,gnn,oof_constrained_reranker,0.43946210465851787,0.7297191697485885,0.31703947368421054,0.08174497071555895,0.3157894736842105,0.6842105263157895,1.778791294872415,,,,,,,,,,,,,,
cv_fold2,conventional,knn,0.2661171524835685,0.6407013838226876,0.34670454545454543,0.08929924242424242,0.5,0.5909090909090909,7.140602561076836,,,,,,,,,,,,,,
cv_fold2,conventional,balanced_fusion,0.1477243214764273,0.27770043612610884,0.1646022727272727,0.02291666666666667,0.5909090909090909,0.7727272727272727,1.4854557304240872,,,,,,,,,,,,,,
cv_fold2,conventional,oof_constrained_reranker,0.13012702133617488,0.2551270213361749,0.11613636363636362,0.0125,0.6363636363636364,0.8181818181818182,1.2573240263492798,,,,,,,,,,,,,,
cv_fold2,genai,knn,0.7587292676256929,1.535100794152898,0.5208522727272727,0.18238636363636362,0.18181818181818182,0.45454545454545453,4.430355570570173,,,,,,,,,,,,,,
cv_fold2,genai,balanced_fusion,0.279917755771943,0.6033505352281363,0.1997159090909091,0.04573863636363637,0.3181818181818182,0.5909090909090909,2.2164529959438086,,,,,,,,,,,,,,
cv_fold2,genai,oof_constrained_reranker,0.279917755771943,0.6033505352281363,0.1997159090909091,0.04573863636363637,0.3181818181818182,0.5909090909090909,2.2164530036444003,,,,,,,,,,,,,,
cv_fold2,gnn,knn,0.4870432349554791,0.8069471482265724,0.37738636363636363,0.05891544117647059,0.22727272727272727,0.5,6.35319462285376,,,,,,,,,,,,,,
cv_fold2,gnn,balanced_fusion,0.4638474219825738,0.7075974219825737,0.2872727272727273,0.028125,0.2727272727272727,0.6363636363636364,2.348784705290434,,,,,,,,,,,,,,
cv_fold2,gnn,oof_constrained_reranker,0.45411740795732836,0.6978674079573283,0.2620454545454545,0.028125,0.2727272727272727,0.6363636363636364,2.152116246765,,,,,,,,,,,,,,
cv_fold3,conventional,knn,0.2818771338626065,0.7584683336153446,0.33483695652173906,0.12932481605082224,0.5652173913043478,0.6086956521739131,3.5994151710241944,,,,,,,,,,,,,,
cv_fold3,conventional,balanced_fusion,0.2031288717459292,0.2656288717459292,0.16375,0.005952380952380952,0.6086956521739131,0.7391304347826086,1.4724121026212518,,,,,,,,,,,,,,
cv_fold3,conventional,oof_constrained_reranker,0.1363446908053425,0.1988446908053425,0.14478260869565218,0.005952380952380952,0.6956521739130435,0.782608695652174,1.3811364233482277,,,,,,,,,,,,,,
cv_fold3,genai,knn,0.7291901639469243,1.6412708341928761,0.5147826086956522,0.21384803921568626,0.2608695652173913,0.43478260869565216,3.28794586782813,,,,,,,,,,,,,,
cv_fold3,genai,balanced_fusion,0.42890961435617925,0.8774929441765992,0.2955434782608695,0.0676486503692386,0.21739130434782608,0.4782608695652174,2.166588805185672,,,,,,,,,,,,,,
cv_fold3,genai,oof_constrained_reranker,0.42890961435617925,0.8774929441765992,0.2955434782608695,0.0676486503692386,0.21739130434782608,0.4782608695652174,2.166588807390262,,,,,,,,,,,,,,
cv_fold3,gnn,knn,0.4921591816244365,0.8858855708304566,0.446195652173913,0.12558049535603716,0.21739130434782608,0.5652173913043478,5.234403531285644,,,,,,,,,,,,,,
cv_fold3,gnn,balanced_fusion,0.4538460624247707,0.7958750118421277,0.3895652173913044,0.07703081232492998,0.21739130434782608,0.6521739130434783,2.4101454049361455,,,,,,,,,,,,,,
cv_fold3,gnn,oof_constrained_reranker,0.4538460624247707,0.7958750118421277,0.3895652173913044,0.07703081232492998,0.21739130434782608,0.6521739130434783,2.4101454347383866,,,,,,,,,,,,,,
cv_fold4,conventional,knn,0.3717138731904696,0.7613549281973158,0.4023369565217391,0.13251262626262625,0.43478260869565216,0.5652173913043478,8.108962183486316,,,,,,,,,,,,,,
cv_fold4,conventional,balanced_fusion,0.2460898676628748,0.41920038823296724,0.19956521739130434,0.03055555555555555,0.5217391304347826,0.6521739130434783,1.9141590257401688,,,,,,,,,,,,,,
cv_fold4,conventional,oof_constrained_reranker,0.20383113468478126,0.31681507297639266,0.19543478260869565,0.02361111111111111,0.5652173913043478,0.6521739130434783,1.704300214184397,,,,,,,,,,,,,,
cv_fold4,genai,knn,0.526632184611662,0.9733356776378457,0.4003260869565217,0.14160353535353537,0.30434782608695654,0.4782608695652174,5.4722436591147865,,,,,,,,,,,,,,
cv_fold4,genai,balanced_fusion,0.7377454163939448,0.9205266757195192,0.30125,0.04583333333333334,0.13043478260869565,0.5217391304347826,2.6446293722562255,,,,,,,,,,,,,,
cv_fold4,genai,oof_constrained_reranker,0.7377454163939448,0.9205266757195192,0.30125,0.04583333333333334,0.13043478260869565,0.5217391304347826,2.6446291236299904,,,,,,,,,,,,,,
cv_fold4,gnn,knn,0.596663016767846,0.852435429310484,0.2742391304347826,0.04305555555555555,0.13043478260869565,0.7391304347826086,5.152103199469046,,,,,,,,,,,,,,
cv_fold4,gnn,balanced_fusion,0.5414262432058105,0.6954054068033008,0.2682608695652174,0.02986111111111111,0.17391304347826086,0.6521739130434783,2.6953448173372374,,,,,,,,,,,,,,
cv_fold4,gnn,oof_constrained_reranker,0.5414262432058105,0.6954054068033008,0.2682608695652174,0.02986111111111111,0.17391304347826086,0.6521739130434783,2.6953448021253634,,,,,,,,,,,,,,
mean_std,conventional,balanced_fusion,,,,,,,,0.16823234646542382,0.05801211996662173,0.2538496735093786,0.11740535258798215,0.17458415591845228,0.017545692164189542,0.013273809523809525,0.012859837068292447,0.6116371957561888,0.07799304912530139,0.7512273767422508,0.06833825227482014,1.4929550672566716,0.2639053964448929
mean_std,conventional,knn,,,,,,,,0.300088844136754,0.07634552917794839,0.6166498466088386,0.15462017325549185,0.3625987180153942,0.0825444315650401,0.10341743116704416,0.025263953639435493,0.49631578947368415,0.10983142607157055,0.6098065321406283,0.04466167608184931,5.922428857935158,1.7569001061052822
mean_std,conventional,oof_constrained_reranker,,,,,,,,0.1359527625367874,0.0411381625705883,0.1971746627063608,0.09225352240115535,0.17267469835656335,0.04547301162753623,0.010685425685425685,0.008766499128995079,0.6462887455793634,0.05138009146882634,0.7590139380070731,0.0804039096707179,1.3784915351069709,0.2269401023516244
mean_std,genai,balanced_fusion,,,,,,,,0.4472490365348535,0.18004017998895006,0.7449204439882394,0.1618005871170119,0.27764595641772416,0.043761048275885346,0.06480259528053646,0.02279510009618492,0.2763594757645101,0.10411781020470387,0.5655502392344498,0.10466572493067523,2.2506357743067893,0.2884028039965499
mean_std,genai,knn,,,,,,,,0.5719052965368208,0.16397092322222384,1.2337063537425805,0.32610955985486123,0.4430691673600998,0.06844562122322505,0.1888975893387658,0.028930167925880237,0.2936176409402954,0.0865550456979143,0.48983357603494904,0.0807592906922791,4.012380663327344,1.399551110685766
mean_std,genai,oof_constrained_reranker,,,,,,,,0.41551300922357876,0.18870185884181975,0.700472552270185,0.18319065668773896,0.2692249037861452,0.04225089494878931,0.0593859286138698,0.013027186296761582,0.2868857915539838,0.11149962576853785,0.5550239234449761,0.0836734719657096,2.233966223239213,0.31778287583370923
mean_std,gnn,balanced_fusion,,,,,,,,0.4434491654829175,0.08017313684171912,0.7225609713118769,0.04432404269470365,0.32116515758269193,0.04782887694783909,0.07229028732705203,0.047708289011209805,0.26596421884751403,0.07145462605927937,0.6449843977532764,0.030577691992615248,2.3394153899274395,0.3317532765255289
mean_std,gnn,knn,,,,,,,,0.44751933709376795,0.1166082831628532,0.7743079846637198,0.12260945702559084,0.3459168608279592,0.06782514651203292,0.09372055221610176,0.05666190079996464,0.2792302891616393,0.12585969461597277,0.5977116704805492,0.10912417036672824,5.7881655447905755,0.7433100041961083
mean_std,gnn,oof_constrained_reranker,,,,,,,,0.4415031626778684,0.07967075275602215,0.7206149685068277,0.045347030418859756,0.31611970303723735,0.053314081811023956,0.07229028732705203,0.047708289011209805,0.26596421884751403,0.07145462605927937,0.6449843977532764,0.030577691992615248,2.296890302910134,0.3477891623567209
