pipeline,head,element,mae,wape_present
conventional,knn,Al,0.0,0.0
conventional,knn,Zn,0.2683333333333333,0.1791044776119403
conventional,knn,Mn,0.24722222222222218,0.40602189781021897
conventional,knn,Ce,0.0,0.0
conventional,knn,Gd,2.8022222222222224,0.9573375469089473
conventional,knn,Ca,0.016666666666666666,0.0
conventional,knn,Nd,0.12666666666666665,0.9620253164556961
conventional,knn,Y,0.0,0.0
conventional,xgb_classifier,Al,0.15944444444444444,0.9862542955326463
conventional,xgb_classifier,Zn,0.053611111111111116,0.16944688323090432
conventional,xgb_classifier,Mn,0.2961111111111111,0.4397810218978102
conventional,xgb_classifier,Ce,0.03888888888888889,0.33333333333333337
conventional,xgb_classifier,Gd,2.5083333333333333,0.8917637764171439
conventional,xgb_classifier,Ca,0.016666666666666666,0.0
conventional,xgb_classifier,Nd,0.06416666666666665,0.9746835443037972
conventional,xgb_classifier,Y,0.0022222222222222222,0.33333333333333337
conventional,catboost_classifier,Al,0.0,0.0
conventional,catboost_classifier,Zn,0.004444444444444449,0.014047410008779643
conventional,catboost_classifier,Mn,0.24777777777777776,0.3147810218978102
conventional,catboost_classifier,Ce,0.0,0.0
conventional,catboost_classifier,Gd,1.9427777777777777,0.6906972150898676
conventional,catboost_classifier,Ca,0.016666666666666666,0.0
conventional,catboost_classifier,Nd,0.06333333333333332,0.9620253164556961
conventional,catboost_classifier,Y,0.0,0.0
conventional,ft_transformer,Al,0.0005555555555555556,0.0034364261168384888
conventional,ft_transformer,Zn,0.10805555555555554,0.34152765583845474
conventional,ft_transformer,Mn,0.31166666666666665,0.4662408759124088
conventional,ft_transformer,Ce,0.03888888888888889,0.33333333333333337
conventional,ft_transformer,Gd,1.8861111111111113,0.48054513134505233
conventional,ft_transformer,Ca,0.0,0.0
conventional,ft_transformer,Nd,0.0625,0.9493670886075949
conventional,ft_transformer,Y,0.0022222222222222222,0.33333333333333337
conventional,catboost_knn_fusion,Al,0.0,0.0
conventional,catboost_knn_fusion,Zn,0.05888888888888889,0.014047410008779643
conventional,catboost_knn_fusion,Mn,0.21944444444444444,0.3147810218978102
conventional,catboost_knn_fusion,Ce,0.0,0.0
conventional,catboost_knn_fusion,Gd,2.0688888888888886,0.7355322931068535
conventional,catboost_knn_fusion,Ca,0.016666666666666666,0.0
conventional,catboost_knn_fusion,Nd,0.095,0.9620253164556961
conventional,catboost_knn_fusion,Y,0.0,0.0
conventional,balanced_fusion,Al,0.0,0.0
conventional,balanced_fusion,Zn,0.004444444444444449,0.014047410008779643
conventional,balanced_fusion,Mn,0.24722222222222218,0.36040145985401456
conventional,balanced_fusion,Ce,0.0,0.0
conventional,balanced_fusion,Gd,1.653888888888889,0.5879913095002962
conventional,balanced_fusion,Ca,0.016666666666666666,0.0
conventional,balanced_fusion,Nd,0.06333333333333332,0.9620253164556961
conventional,balanced_fusion,Y,0.0,0.0
conventional,prior_adjusted_balanced_fusion,Al,0.15944444444444444,0.9862542955326463
conventional,prior_adjusted_balanced_fusion,Zn,0.053611111111111116,0.16944688323090432
conventional,prior_adjusted_balanced_fusion,Mn,0.2972222222222222,0.39598540145985395
conventional,prior_adjusted_balanced_fusion,Ce,0.03888888888888889,0.33333333333333337
conventional,prior_adjusted_balanced_fusion,Gd,1.741111111111111,0.6190005925340707
conventional,prior_adjusted_balanced_fusion,Ca,0.016666666666666666,0.0
conventional,prior_adjusted_balanced_fusion,Nd,0.06416666666666665,0.9746835443037972
conventional,prior_adjusted_balanced_fusion,Y,0.0022222222222222222,0.33333333333333337
conventional,xgb_regression,Al,0.15945550382137297,0.9862641747464842
conventional,xgb_regression,Zn,0.0577304720878601,0.18242984617666988
conventional,xgb_regression,Mn,0.31201832032452026,0.42989162199307973
conventional,xgb_regression,Ce,0.038899130208624726,0.33338479449351627
conventional,xgb_regression,Gd,1.1452035586039224,0.40714088363089906
conventional,xgb_regression,Ca,0.04997800803846783,0.0007942418257395056
conventional,xgb_regression,Nd,0.09014320775659547,0.49438987706909693
conventional,xgb_regression,Y,0.0022332553120536936,0.3343034545735767
conventional,catboost_regression,Al,0.18058902580131578,0.3814248724836566
conventional,catboost_regression,Zn,0.15223450377609885,0.30217109784991714
conventional,catboost_regression,Mn,0.38647192042664164,0.47342979262595386
conventional,catboost_regression,Ce,0.07078447261930941,0.3981073059354121
conventional,catboost_regression,Gd,1.431745477001159,0.4420188691347241
conventional,catboost_regression,Ca,0.017570913977374526,0.3854243910343238
conventional,catboost_regression,Nd,0.07988839467491628,0.9241185537205229
conventional,catboost_regression,Y,0.004044827017400984,0.39810743422942774
genai,knn,Al,0.0005555555555555556,0.0034364261168384888
genai,knn,Zn,0.36972222222222223,0.179982440737489
genai,knn,Mn,0.39166666666666666,0.552007299270073
genai,knn,Ce,0.03888888888888889,0.33333333333333337
genai,knn,Gd,3.296666666666667,0.8757653565079992
genai,knn,Ca,0.016666666666666666,0.5
genai,knn,Nd,0.09583333333333331,0.49367088607594933
genai,knn,Y,0.0022222222222222222,0.33333333333333337
genai,xgb_classifier,Al,0.16,0.0
genai,xgb_classifier,Zn,0.011666666666666652,0.036874451273046484
genai,xgb_classifier,Mn,0.2588888888888889,0.40602189781021897
genai,xgb_classifier,Ce,0.0,0.0
genai,xgb_classifier,Gd,1.6716666666666666,0.5943116729211929
genai,xgb_classifier,Ca,0.03333333333333333,1.0
genai,xgb_classifier,Nd,0.06333333333333332,0.9620253164556961
genai,xgb_classifier,Y,0.0,0.0
genai,catboost_classifier,Al,0.16055555555555553,0.0
genai,catboost_classifier,Zn,0.06305555555555552,0.19929762949956098
genai,catboost_classifier,Mn,0.37555555555555553,0.40602189781021897
genai,catboost_classifier,Ce,0.03888888888888889,0.0
genai,catboost_classifier,Gd,1.6716666666666666,0.5943116729211929
genai,catboost_classifier,Ca,0.024999999999999998,1.0
genai,catboost_classifier,Nd,0.0625,0.9493670886075949
genai,catboost_classifier,Y,0.0022222222222222222,0.0
genai,ft_transformer,Al,0.16055555555555553,0.0034364261168384888
genai,ft_transformer,Zn,0.06305555555555552,0.19929762949956098
genai,ft_transformer,Mn,0.37555555555555553,0.5976277372262774
genai,ft_transformer,Ce,0.03888888888888889,0.33333333333333337
genai,ft_transformer,Gd,2.042222222222222,0.7260517479755085
genai,ft_transformer,Ca,0.024999999999999998,1.0
genai,ft_transformer,Nd,0.0625,0.9493670886075949
genai,ft_transformer,Y,0.0022222222222222222,0.33333333333333337
genai,catboost_knn_fusion,Al,0.16055555555555553,0.0
genai,catboost_knn_fusion,Zn,0.06305555555555552,0.19929762949956098
genai,catboost_knn_fusion,Mn,0.37555555555555553,0.40602189781021897
genai,catboost_knn_fusion,Ce,0.03888888888888889,0.0
genai,catboost_knn_fusion,Gd,1.6505555555555553,0.5868062413588782
genai,catboost_knn_fusion,Ca,0.024999999999999998,1.0
genai,catboost_knn_fusion,Nd,0.0625,0.9493670886075949
genai,catboost_knn_fusion,Y,0.0022222222222222222,0.0
genai,balanced_fusion,Al,0.16055555555555553,0.0
genai,balanced_fusion,Zn,0.06305555555555552,0.19929762949956098
genai,balanced_fusion,Mn,0.37555555555555553,0.40602189781021897
genai,balanced_fusion,Ce,0.03888888888888889,0.0
genai,balanced_fusion,Gd,1.6505555555555553,0.5868062413588782
genai,balanced_fusion,Ca,0.024999999999999998,1.0
genai,balanced_fusion,Nd,0.0625,0.9493670886075949
genai,balanced_fusion,Y,0.0022222222222222222,0.0
genai,prior_adjusted_balanced_fusion,Al,0.16055555555555553,0.0
genai,prior_adjusted_balanced_fusion,Zn,0.06305555555555552,0.19929762949956098
genai,prior_adjusted_balanced_fusion,Mn,0.2922222222222222,0.22354014598540145
genai,prior_adjusted_balanced_fusion,Ce,0.03888888888888889,0.0
genai,prior_adjusted_balanced_fusion,Gd,2.0244444444444443,0.7197313845546118
genai,prior_adjusted_balanced_fusion,Ca,0.024999999999999998,1.0
genai,prior_adjusted_balanced_fusion,Nd,0.0625,0.9493670886075949
genai,prior_adjusted_balanced_fusion,Y,0.0022222222222222222,0.0
genai,xgb_regression,Al,0.17547657212837495,0.15559726922782424
genai,xgb_regression,Zn,0.08134540668008008,0.2551817148793047
genai,xgb_regression,Mn,0.357540879400654,0.4249538266963332
genai,xgb_regression,Ce,0.0657890070333249,0.37428901592890423
genai,xgb_regression,Gd,1.2553195619329927,0.4440543728338125
genai,xgb_regression,Ca,0.030190939850743035,0.87677702990671
genai,xgb_regression,Nd,0.08488947075636437,0.8991878143971477
genai,xgb_regression,Y,0.0037734233307936743,0.36921250385542714
genai,catboost_regression,Al,0.22244342672534367,0.34797795224914174
genai,catboost_regression,Zn,0.09899233393966016,0.29949444541405107
genai,catboost_regression,Mn,0.39010932897231837,0.4208026137294668
genai,catboost_regression,Ce,0.07355477599732095,0.31051686178453475
genai,catboost_regression,Gd,1.2680276258503198,0.44835331473413476
genai,catboost_regression,Ca,0.025740882742859995,0.8032818395048299
genai,catboost_regression,Nd,0.10186272968838485,1.0921036928964574
genai,catboost_regression,Y,0.004203130649071214,0.3105171243886143
gnn,knn,Al,0.16055555555555553,0.0
gnn,knn,Zn,0.1630555555555555,0.3573309920983318
gnn,knn,Mn,0.37555555555555553,0.36040145985401456
gnn,knn,Ce,0.03888888888888889,0.0
gnn,knn,Gd,1.5022222222222221,0.43531503061426036
gnn,knn,Ca,0.024999999999999998,1.0
gnn,knn,Nd,0.0625,0.9493670886075949
gnn,knn,Y,0.0022222222222222222,0.0
gnn,xgb_classifier,Al,0.16055555555555553,0.0
gnn,xgb_classifier,Zn,0.06305555555555552,0.19929762949956098
gnn,xgb_classifier,Mn,0.3472222222222222,0.3594890510948905
gnn,xgb_classifier,Ce,0.03888888888888889,0.0
gnn,xgb_classifier,Gd,1.2633333333333334,0.44914082559747187
gnn,xgb_classifier,Ca,0.024999999999999998,1.0
gnn,xgb_classifier,Nd,0.0625,0.9493670886075949
gnn,xgb_classifier,Y,0.0022222222222222222,0.0
gnn,catboost_classifier,Al,0.16055555555555553,0.0
gnn,catboost_classifier,Zn,0.06305555555555552,0.19929762949956098
gnn,catboost_classifier,Mn,0.37555555555555553,0.40602189781021897
gnn,catboost_classifier,Ce,0.03888888888888889,0.0
gnn,catboost_classifier,Gd,1.3716666666666668,0.4876555401935612
gnn,catboost_classifier,Ca,0.024999999999999998,1.0
gnn,catboost_classifier,Nd,0.0625,0.9493670886075949
gnn,catboost_classifier,Y,0.0022222222222222222,0.0
gnn,ft_transformer,Al,0.32055555555555554,0.9896907216494848
gnn,ft_transformer,Zn,0.06527777777777774,0.2063213345039507
gnn,ft_transformer,Mn,0.3316666666666667,0.33394160583941607
gnn,ft_transformer,Ce,0.03888888888888889,0.0
gnn,ft_transformer,Gd,1.8022222222222222,0.640726841793403
gnn,ft_transformer,Ca,0.03333333333333333,1.0
gnn,ft_transformer,Nd,0.0625,0.9493670886075949
gnn,ft_transformer,Y,0.0022222222222222222,0.0
gnn,catboost_knn_fusion,Al,0.16055555555555553,0.0
gnn,catboost_knn_fusion,Zn,0.06305555555555552,0.19929762949956098
gnn,catboost_knn_fusion,Mn,0.37555555555555553,0.40602189781021897
gnn,catboost_knn_fusion,Ce,0.03888888888888889,0.0
gnn,catboost_knn_fusion,Gd,1.3716666666666668,0.4876555401935612
gnn,catboost_knn_fusion,Ca,0.024999999999999998,1.0
gnn,catboost_knn_fusion,Nd,0.0625,0.9493670886075949
gnn,catboost_knn_fusion,Y,0.0022222222222222222,0.0
gnn,balanced_fusion,Al,0.16055555555555553,0.0
gnn,balanced_fusion,Zn,0.06305555555555552,0.19929762949956098
gnn,balanced_fusion,Mn,0.3472222222222222,0.3594890510948905
gnn,balanced_fusion,Ce,0.03888888888888889,0.0
gnn,balanced_fusion,Gd,1.3883333333333334,0.4935808809006518
gnn,balanced_fusion,Ca,0.024999999999999998,1.0
gnn,balanced_fusion,Nd,0.0625,0.9493670886075949
gnn,balanced_fusion,Y,0.0022222222222222222,0.0
gnn,prior_adjusted_balanced_fusion,Al,0.16055555555555553,0.0
gnn,prior_adjusted_balanced_fusion,Zn,0.06305555555555552,0.19929762949956098
gnn,prior_adjusted_balanced_fusion,Mn,0.23555555555555557,0.13047445255474452
gnn,prior_adjusted_balanced_fusion,Ce,0.03888888888888889,0.0
gnn,prior_adjusted_balanced_fusion,Gd,1.8561111111111108,0.6598854434129962
gnn,prior_adjusted_balanced_fusion,Ca,0.024999999999999998,1.0
gnn,prior_adjusted_balanced_fusion,Nd,0.0625,0.9493670886075949
gnn,prior_adjusted_balanced_fusion,Y,0.0022222222222222222,0.0
gnn,xgb_regression,Al,0.2120752403840177,0.16757146038652695
gnn,xgb_regression,Zn,0.061433667659213,0.19215342632713178
gnn,xgb_regression,Mn,0.28015258204398885,0.28198110083811473
gnn,xgb_regression,Ce,0.03884727627128085,0.06548832144056042
gnn,xgb_regression,Gd,1.237100436248713,0.41710077338884544
gnn,xgb_regression,Ca,0.02182217204420643,0.8189062314728895
gnn,xgb_regression,Nd,0.10230427746622202,0.8335428647421896
gnn,xgb_regression,Y,0.0021857338795330684,0.06701389700174334
gnn,catboost_regression,Al,0.19830027328323777,0.23881843374151918
gnn,catboost_regression,Zn,0.06622745215415879,0.1989005336125625
gnn,catboost_regression,Mn,0.32706817036571173,0.3239990297835992
gnn,catboost_regression,Ce,0.046673416610832075,0.07836825340528358
gnn,catboost_regression,Gd,1.2525171272655795,0.4347081178544238
gnn,catboost_regression,Ca,0.022789265560208827,0.8165792383530334
gnn,catboost_regression,Nd,0.09243322269454654,0.9165702694300208
gnn,catboost_regression,Y,0.002667052495470267,0.07836827986608652
