fold,pipeline,reranker_aux,reranker_owner_weight,reranker_inner_cv,grid_gp_decoder,knn_params,catboost_params,tree_params
cv_fold0,conventional,blocks,0.5,condition_kfold_unstratified_sparse_alloys,"{""decoder"": ""ordinal"", ""penalty"": 0.25, ""blend"": 0.1, ""grid_temperature"": null, ""safe"": true, ""mae"": 1.0152777777777777, ""mape"": 0.41545965608465607, ""wape"": 0.38473684210526315, ""r2"": 0.5101974002801879, ""log_mae"": 0.37347517061915236}","{""k"": 5, ""temperature"": 0.2}","{""iterations"": 500, ""depth"": 6, ""learning_rate"": 0.1}","{""iterations"": 500, ""depth"": 6, ""learning_rate"": 0.1}"
cv_fold0,genai,ftt,1.0,condition_kfold_unstratified_sparse_alloys,"{""decoder"": ""log_gp"", ""penalty"": 0.0, ""blend"": 0.0, ""grid_temperature"": null, ""safe"": true, ""mae"": 0.998611111111111, ""mape"": 0.4028621031746032, ""wape"": 0.3784210526315789, ""r2"": 0.5530318014838782, ""log_mae"": 0.37764067909304294}","{""k"": 3, ""temperature"": 0.01}","{""iterations"": 500, ""depth"": 6, ""learning_rate"": 0.1}","{""iterations"": 900, ""depth"": 4, ""learning_rate"": 0.05}"
cv_fold0,gnn,ftt,1.0,condition_kfold_unstratified_sparse_alloys,"{""decoder"": ""log_gp"", ""penalty"": 0.0, ""blend"": 0.0, ""grid_temperature"": null, ""safe"": true, ""mae"": 1.0777777777777777, ""mape"": 0.5051157407407407, ""wape"": 0.4084210526315789, ""r2"": 0.5785679306050234, ""log_mae"": 0.43743586764676473}","{""k"": 5, ""temperature"": 0.05}","{""iterations"": 500, ""depth"": 6, ""learning_rate"": 0.1}","{""iterations"": 500, ""depth"": 6, ""learning_rate"": 0.1}"
cv_fold1,conventional,blocks,0.25,condition_kfold_unstratified_sparse_alloys,"{""decoder"": ""grid_median"", ""penalty"": 0.0, ""blend"": 0.25, ""grid_temperature"": 0.5, ""safe"": true, ""mae"": 0.8226027397260274, ""mape"": 0.47550969578366836, ""wape"": 0.33984153933220146, ""r2"": 0.5995818960701789, ""log_mae"": 0.3785968272014306}","{""k"": 1, ""temperature"": 0.01}","{""iterations"": 500, ""depth"": 6, ""learning_rate"": 0.1}","{""iterations"": 500, ""depth"": 6, ""learning_rate"": 0.1}"
cv_fold1,genai,ftt,0.75,condition_kfold_unstratified_sparse_alloys,"{""decoder"": ""ordinal"", ""penalty"": 5.0, ""blend"": 0.1, ""grid_temperature"": null, ""safe"": true, ""mae"": 0.9575342465753426, ""mape"": 0.43187629721876303, ""wape"": 0.3955857385398982, ""r2"": 0.3974638916983284, ""log_mae"": 0.3778589888656884}","{""k"": 7, ""temperature"": 0.05}","{""iterations"": 500, ""depth"": 6, ""learning_rate"": 0.1}","{""iterations"": 500, ""depth"": 8, ""learning_rate"": 0.05}"
cv_fold1,gnn,ftt,0.75,condition_kfold_unstratified_sparse_alloys,"{""decoder"": ""log_gp"", ""penalty"": 0.0, ""blend"": 0.0, ""grid_temperature"": null, ""safe"": true, ""mae"": 0.9575342465753424, ""mape"": 0.5309832176955465, ""wape"": 0.3955857385398981, ""r2"": 0.48072164204411205, ""log_mae"": 0.423407582598774}","{""k"": 1, ""temperature"": 0.01}","{""iterations"": 500, ""depth"": 6, ""learning_rate"": 0.1}","{""iterations"": 900, ""depth"": 4, ""learning_rate"": 0.05}"
cv_fold2,conventional,blocks,0.75,condition_kfold_unstratified_sparse_alloys,"{""decoder"": ""log_gp"", ""penalty"": 0.0, ""blend"": 0.0, ""grid_temperature"": null, ""safe"": true, ""mae"": 1.1307142857142858, ""mape"": 0.49729468150896705, ""wape"": 0.4292299349240782, ""r2"": 0.5086710829906516, ""log_mae"": 0.455611335175805}","{""k"": 1, ""temperature"": 0.01}","{""iterations"": 500, ""depth"": 6, ""learning_rate"": 0.1}","{""iterations"": 500, ""depth"": 6, ""learning_rate"": 0.1}"
cv_fold2,genai,ftt,1.0,condition_kfold_unstratified_sparse_alloys,"{""decoder"": ""ordinal"", ""penalty"": 0.0, ""blend"": 0.25, ""grid_temperature"": null, ""safe"": true, ""mae"": 0.9771428571428572, ""mape"": 0.41384740259740255, ""wape"": 0.3709327548806942, ""r2"": 0.5724562607877615, ""log_mae"": 0.39262896576801776}","{""k"": 1, ""temperature"": 0.01}","{""iterations"": 500, ""depth"": 8, ""learning_rate"": 0.05}","{""iterations"": 900, ""depth"": 4, ""learning_rate"": 0.05}"
cv_fold2,gnn,ftt,0.75,condition_kfold_unstratified_sparse_alloys,"{""decoder"": ""grid_median"", ""penalty"": 0.0, ""blend"": 0.25, ""grid_temperature"": 0.5, ""safe"": true, ""mae"": 1.0664285714285715, ""mape"": 0.5539239332096475, ""wape"": 0.40482646420824303, ""r2"": 0.6088799910141551, ""log_mae"": 0.46116528117709715}","{""k"": 1, ""temperature"": 0.01}","{""iterations"": 900, ""depth"": 4, ""learning_rate"": 0.05}","{""iterations"": 500, ""depth"": 6, ""learning_rate"": 0.1}"
cv_fold3,conventional,blocks,0.5,condition_kfold_unstratified_sparse_alloys,"{""decoder"": ""grid_median"", ""penalty"": 0.0, ""blend"": 0.25, ""grid_temperature"": 1.0, ""safe"": true, ""mae"": 1.1594202898550723, ""mape"": 0.5745787063178369, ""wape"": 0.4427227448810182, ""r2"": 0.5031901026737275, ""log_mae"": 0.4696761089980851}","{""k"": 7, ""temperature"": 0.05}","{""iterations"": 900, ""depth"": 4, ""learning_rate"": 0.05}","{""iterations"": 900, ""depth"": 4, ""learning_rate"": 0.05}"
cv_fold3,genai,ftt,1.0,condition_kfold_unstratified_sparse_alloys,"{""decoder"": ""ordinal"", ""penalty"": 0.5, ""blend"": 0.25, ""grid_temperature"": null, ""safe"": true, ""mae"": 1.108695652173913, ""mape"": 0.5258865047995483, ""wape"": 0.42335362479247374, ""r2"": 0.5527265695151675, ""log_mae"": 0.46761175981948677}","{""k"": 3, ""temperature"": 0.01}","{""iterations"": 500, ""depth"": 8, ""learning_rate"": 0.05}","{""iterations"": 500, ""depth"": 6, ""learning_rate"": 0.1}"
cv_fold3,gnn,ftt,1.0,condition_kfold_unstratified_sparse_alloys,"{""decoder"": ""grid_median"", ""penalty"": 0.0, ""blend"": 0.1, ""grid_temperature"": 0.5, ""safe"": true, ""mae"": 1.1007246376811592, ""mape"": 0.5939197879415271, ""wape"": 0.42030990592141665, ""r2"": 0.5623884231458357, ""log_mae"": 0.47926212335813745}","{""k"": 3, ""temperature"": 0.01}","{""iterations"": 500, ""depth"": 6, ""learning_rate"": 0.1}","{""iterations"": 500, ""depth"": 6, ""learning_rate"": 0.1}"
cv_fold4,conventional,blocks,0.75,condition_kfold_unstratified_sparse_alloys,"{""decoder"": ""grid_median"", ""penalty"": 0.0, ""blend"": 0.1, ""grid_temperature"": 1.0, ""safe"": true, ""mae"": 1.039130434782609, ""mape"": 0.4581209611644394, ""wape"": 0.4113597246127368, ""r2"": 0.49399916272678035, ""log_mae"": 0.41920626182201526}","{""k"": 1, ""temperature"": 0.01}","{""iterations"": 500, ""depth"": 6, ""learning_rate"": 0.1}","{""iterations"": 900, ""depth"": 4, ""learning_rate"": 0.05}"
cv_fold4,genai,ftt,1.0,condition_kfold_unstratified_sparse_alloys,"{""decoder"": ""grid_median"", ""penalty"": 0.0, ""blend"": 0.1, ""grid_temperature"": 0.5, ""safe"": true, ""mae"": 1.1579710144927537, ""mape"": 0.5113197189284145, ""wape"": 0.4584050487664946, ""r2"": 0.41717934483370556, ""log_mae"": 0.46418732806711493}","{""k"": 3, ""temperature"": 0.05}","{""iterations"": 500, ""depth"": 6, ""learning_rate"": 0.1}","{""iterations"": 500, ""depth"": 6, ""learning_rate"": 0.1}"
cv_fold4,gnn,ftt,1.0,condition_kfold_unstratified_sparse_alloys,"{""decoder"": ""grid_median"", ""penalty"": 0.0, ""blend"": 0.5, ""grid_temperature"": 4.0, ""safe"": true, ""mae"": 1.153623188405797, ""mape"": 0.5365578141665099, ""wape"": 0.45668387837062535, ""r2"": 0.43410796274134156, ""log_mae"": 0.46798001498450514}","{""k"": 3, ""temperature"": 0.05}","{""iterations"": 500, ""depth"": 8, ""learning_rate"": 0.05}","{""iterations"": 500, ""depth"": 6, ""learning_rate"": 0.1}"
