pipeline,head,label,target,mae,mape,wape,r2,nll,coverage90
conventional,knn,kNN retrieval,T_ext,36.186668237442596,0.09679625329695168,0.09508905522247689,0.48309527063625,,
conventional,knn,kNN retrieval,v_ext,0.9016970909481059,0.39547892385857913,0.3929914682098282,0.6280372163257353,,
conventional,xgb,XGBoost,T_ext,36.95777553982205,0.0997454345272542,0.0971153225863937,0.22502974577873847,,
conventional,xgb,XGBoost,v_ext,0.8311579949325986,0.6901185130244439,0.36224803653236737,0.4390503756501186,,
conventional,catboost,CatBoost,T_ext,35.17818426524454,0.09118865850186773,0.092439024346628,0.4664308506493844,,
conventional,catboost,CatBoost,v_ext,1.1017312362605765,0.5653659141698499,0.48017342016199455,0.3726141800837367,,
conventional,ft_transformer,FT-Transformer,T_ext,38.45333692762587,0.10406375178584344,0.10104526491930885,0.24404040360654744,,
conventional,ft_transformer,FT-Transformer,v_ext,1.1282082812653647,0.4500465712247988,0.49171305236747126,0.3124548397184046,,
conventional,gaussian_process,Gaussian process,T_ext,42.91720894224667,0.11963393993210146,0.11277514758546568,0.23015185984368003,5.988866143345167,0.7777777777777778
conventional,gaussian_process,Gaussian process,v_ext,1.0637480903919316,0.5200279015860656,0.4636190224468467,0.36441076425746344,1.3875422592684405,0.8888888888888888
genai,knn,kNN retrieval,T_ext,51.885262720925795,0.1388392053435572,0.1363408363469583,-0.0010025987278281523,,
genai,knn,kNN retrieval,v_ext,1.0453941646777976,0.4264379781552021,0.45561973278935486,0.36154763786491484,,
genai,xgb,XGBoost,T_ext,40.335806952582466,0.11701434790394294,0.10599190148123859,0.2750193403477381,,
genai,xgb,XGBoost,v_ext,1.1116711123122112,0.5845225962381515,0.4845055695307457,0.4363128888752714,,
genai,catboost,CatBoost,T_ext,38.20822832592686,0.11087469994541299,0.10040118392214359,0.27411782452124844,,
genai,catboost,CatBoost,v_ext,1.0705353195899248,0.5329482086179265,0.4665771368672795,0.4588573971769425,,
genai,ft_transformer,FT-Transformer,T_ext,38.14300537109375,0.11316918132586874,0.1002297951357208,0.3633766207002215,,
genai,ft_transformer,FT-Transformer,v_ext,0.926124214132627,0.35836594521626647,0.4036376720190626,0.5629320468658381,,
genai,gaussian_process,Gaussian process,T_ext,43.530072770448136,0.12261323177728627,0.11438559268146956,0.1126401332558119,6.010145285050541,0.7222222222222222
genai,gaussian_process,Gaussian process,v_ext,0.9339096466776537,0.29365098644672,0.4070308387457086,0.3878870300478744,1.2179239304272165,0.8888888888888888
gnn,knn,kNN retrieval,T_ext,32.58214016920359,0.09406879269536823,0.08561730263440359,0.46008276046296914,,
gnn,knn,kNN retrieval,v_ext,0.9413780233496313,0.30635760645853305,0.4102858213146092,0.4982755544579144,,
gnn,xgb,XGBoost,T_ext,34.47369893391927,0.10113625611535666,0.09058782201613823,0.38439539482856755,,
gnn,xgb,XGBoost,v_ext,0.9275742246045008,0.4304459540903597,0.4042696378421553,0.5746106819800602,,
gnn,catboost,CatBoost,T_ext,32.583981255813335,0.0970046321617379,0.08562214052622483,0.40511575060033755,,
gnn,catboost,CatBoost,v_ext,0.9553475068559061,0.41585960285371537,0.41637421606310676,0.5452660353789788,,
gnn,ft_transformer,FT-Transformer,T_ext,37.04133605957031,0.10770707231686438,0.0973348976747833,0.3151120170994547,,
gnn,ft_transformer,FT-Transformer,v_ext,1.002904326385922,0.45629011957389687,0.4371011591996754,0.5160699334164838,,
gnn,gaussian_process,Gaussian process,T_ext,32.014977578734474,0.09201408205172562,0.08412694838207599,0.5237583574155509,5.213448337947323,0.9444444444444444
gnn,gaussian_process,Gaussian process,v_ext,0.9066706035602977,0.36463051154284215,0.3951591008253113,0.5397793606890433,1.173543478883458,0.9444444444444444
