fold,pipeline,head,target,mae,mape,wape,r2,rmse,fold_error,nll,coverage90,mae_mean,mae_std,mape_mean,mape_std,wape_mean,wape_std,r2_mean,r2_std,rmse_mean,rmse_std,fold_error_mean,fold_error_std,nll_mean,nll_std,coverage90_mean,coverage90_std
cv_fold0,conventional,trees,T_ext,39.78946426382868,0.12011022506521633,0.11052628962174632,0.5255414083941395,,,,,,,,,,,,,,,,,,,,
cv_fold0,conventional,trees,v_ext,1.2930825779317456,0.8404358573796336,0.5837844595628648,0.3370615780324857,,,,,,,,,,,,,,,,,,,,
cv_fold0,conventional,trees,log_v_ext,0.6765049430869376,,,0.4263046558408402,0.7853376337247715,1.9669909590593684,,,,,,,,,,,,,,,,,,
cv_fold0,conventional,gaussian_process,T_ext,51.10065735972681,0.1530021082387425,0.1419462704436856,0.18692868847703614,,,7.215050740072141,0.7,,,,,,,,,,,,,,,,
cv_fold0,conventional,gaussian_process,v_ext,1.6627844066564532,1.3716939054537551,0.7506927343821458,-0.0012054356703912195,,,5.636657742593597,0.55,,,,,,,,,,,,,,,,
cv_fold0,conventional,gaussian_process,log_v_ext,0.9131467513518545,,,-0.10611962779424777,1.0904777187704644,2.4921523915225623,,,,,,,,,,,,,,,,,,
cv_fold0,conventional,grid_gp,T_ext,37.5,0.11261904761904762,0.10416666666666667,0.3932038834951457,,,7.107450445910193,0.5,,,,,,,,,,,,,,,,
cv_fold0,conventional,grid_gp,v_ext,1.0375,0.6976363636363636,0.46839729119638823,0.4819259375100615,,,2.9718536421206996,0.45,,,,,,,,,,,,,,,,
cv_fold0,conventional,grid_gp,log_v_ext,0.548210463077478,,,0.5574221463017768,0.6897799810366357,1.7301540712625505,,,,,,,,,,,,,,,,,,
cv_fold0,genai,trees,T_ext,30.467158212888897,0.0985156442524798,0.0846309950358025,0.6822135920689005,,,,,,,,,,,,,,,,,,,,
cv_fold0,genai,trees,v_ext,1.0659149946104383,0.7223002651585997,0.4812257312011008,0.5196205907179234,,,,,,,,,,,,,,,,,,,,
cv_fold0,genai,trees,log_v_ext,0.5238161068355075,,,0.5784353929231197,0.6732057517903501,1.6884587099123856,,,,,,,,,,,,,,,,,,
cv_fold0,genai,gaussian_process,T_ext,64.00253135411177,0.2010577247169761,0.17778480931697713,-0.23516645072101694,,,8.70921513836161,0.6,,,,,,,,,,,,,,,,
cv_fold0,genai,gaussian_process,v_ext,2.2456512005287084,1.9628545529021117,1.0138380137827125,-0.6434231944236091,,,8.522762543671977,0.35,,,,,,,,,,,,,,,,
cv_fold0,genai,gaussian_process,log_v_ext,1.1764789346810813,,,-0.7685692008807881,1.3788809628404337,3.2429354887968365,,,,,,,,,,,,,,,,,,
cv_fold0,genai,grid_gp,T_ext,30.0,0.09436507936507937,0.08333333333333333,0.6116504854368932,,,6.983644659639124,0.5,,,,,,,,,,,,,,,,
cv_fold0,genai,grid_gp,v_ext,1.1099999999999999,0.709469696969697,0.5011286681715575,0.49841544356081324,,,3.0206289057658746,0.45,,,,,,,,,,,,,,,,
cv_fold0,genai,grid_gp,log_v_ext,0.562817284217536,,,0.5872569480440313,0.6661248453620766,1.7556115964532484,,,,,,,,,,,,,,,,,,
cv_fold0,gnn,trees,T_ext,29.64712401800972,0.09722672732405217,0.08235312227224922,0.6688162858592965,,,,,,,,,,,,,,,,,,,,
cv_fold0,gnn,trees,v_ext,0.842964371438242,0.7479790169029809,0.38057082231974804,0.7408167903019913,,,,,,,,,,,,,,,,,,,,
cv_fold0,gnn,trees,log_v_ext,0.5058165090491318,,,0.6160054337310686,0.6425076253742789,1.6583390166283252,,,,,,,,,,,,,,,,,,
cv_fold0,gnn,gaussian_process,T_ext,53.19747046931832,0.16738082221152265,0.147770751303662,0.1662299221154293,,,6.262049983834922,0.7,,,,,,,,,,,,,,,,
cv_fold0,gnn,gaussian_process,v_ext,1.4574473430070867,1.410642956197905,0.6579897711092941,0.14322686818023722,,,2.118473819791135,0.7,,,,,,,,,,,,,,,,
cv_fold0,gnn,gaussian_process,log_v_ext,0.711493031991937,,,0.13971174450476465,0.9616958542566993,2.0370303408261443,,,,,,,,,,,,,,,,,,
cv_fold0,gnn,grid_gp,T_ext,42.5,0.13045634920634921,0.11805555555555555,0.441747572815534,,,6.934381353672632,0.45,,,,,,,,,,,,,,,,
cv_fold0,gnn,grid_gp,v_ext,0.7849999999999999,0.6853030303030303,0.35440180586907444,0.7482188113756894,,,2.955204231245865,0.55,,,,,,,,,,,,,,,,
cv_fold0,gnn,grid_gp,log_v_ext,0.4790714359864732,,,0.6270956926704303,0.633161423410318,1.6145744701590639,,,,,,,,,,,,,,,,,,
cv_fold1,conventional,trees,T_ext,43.614704363893104,0.13209683243979878,0.11923444358474374,0.4525256489401597,,,,,,,,,,,,,,,,,,,,
cv_fold1,conventional,trees,v_ext,1.8861103349682056,0.4716934608965313,0.48756593693055655,0.22926016954458517,,,,,,,,,,,,,,,,,,,,
cv_fold1,conventional,trees,log_v_ext,0.5620834910445353,,,0.636195582019224,0.6355494238888847,1.7543238131903975,,,,,,,,,,,,,,,,,,
cv_fold1,conventional,gaussian_process,T_ext,42.94199367042697,0.1383954395165986,0.11739537837958451,0.35291647338109744,,,12.020909335878663,0.5263157894736842,,,,,,,,,,,,,,,,
cv_fold1,conventional,gaussian_process,v_ext,2.0119736476169554,0.48406175694663717,0.5201020313567639,0.09908494777234389,,,3.1092126641323823,0.47368421052631576,,,,,,,,,,,,,,,,
cv_fold1,conventional,gaussian_process,log_v_ext,0.5932196128534922,,,0.565653714128289,0.6944378776048633,1.8098059197181573,,,,,,,,,,,,,,,,,,
cv_fold1,conventional,grid_gp,T_ext,34.21052631578947,0.09924812030075188,0.09352517985611511,0.6063535911602209,,,6.522600953537881,0.5263157894736842,,,,,,,,,,,,,,,,
cv_fold1,conventional,grid_gp,v_ext,1.2657894736842106,0.39060776942355885,0.3272108843537415,0.6993156928550701,,,2.5425245756455794,0.47368421052631576,,,,,,,,,,,,,,,,
cv_fold1,conventional,grid_gp,log_v_ext,0.42768443010294493,,,0.7611792415174521,0.5149337786741011,1.53370201440638,,,,,,,,,,,,,,,,,,
cv_fold1,genai,trees,T_ext,40.421333133137225,0.12153470110983654,0.11050436396109457,0.5453011242956104,,,,,,,,,,,,,,,,,,,,
cv_fold1,genai,trees,v_ext,1.7883784422092226,0.479797220094145,0.4623019102309555,0.3217050301066403,,,,,,,,,,,,,,,,,,,,
cv_fold1,genai,trees,log_v_ext,0.5426818143704679,,,0.6312742085232723,0.6398336891626178,1.7206150504385378,,,,,,,,,,,,,,,,,,
cv_fold1,genai,gaussian_process,T_ext,73.79911039571458,0.21662373750690267,0.20175296367173767,-0.5329259586503057,,,10.208647228934376,0.42105263157894735,,,,,,,,,,,,,,,,
cv_fold1,genai,gaussian_process,v_ext,2.3605716268796835,1.5731679272788153,0.6102157947035917,0.19626670572244076,,,5.0582826660319,0.47368421052631576,,,,,,,,,,,,,,,,
cv_fold1,genai,gaussian_process,log_v_ext,0.8535997174869335,,,0.04599061061305765,1.029180785655696,2.3480840963494725,,,,,,,,,,,,,,,,,,
cv_fold1,genai,grid_gp,T_ext,31.57894736842105,0.09786967418546366,0.08633093525179857,0.6325966850828728,,,6.2705882864253395,0.5789473684210527,,,,,,,,,,,,,,,,
cv_fold1,genai,grid_gp,v_ext,1.4026315789473685,0.4117042606516291,0.3625850340136054,0.5244995836434979,,,2.912326327507929,0.3684210526315789,,,,,,,,,,,,,,,,
cv_fold1,genai,grid_gp,log_v_ext,0.4598207539934553,,,0.6822329933869994,0.5939771612694998,1.5837900715045399,,,,,,,,,,,,,,,,,,
cv_fold1,gnn,trees,T_ext,37.45016657012203,0.11350865676186521,0.1023817503355854,0.6142973638462488,,,,,,,,,,,,,,,,,,,,
cv_fold1,gnn,trees,v_ext,1.6046659658280955,0.46778553078897794,0.4148116102140655,0.47878298827054233,,,,,,,,,,,,,,,,,,,,
cv_fold1,gnn,trees,log_v_ext,0.49717961200131416,,,0.6724740253546618,0.6030290287885851,1.6440777883041604,,,,,,,,,,,,,,,,,,
cv_fold1,gnn,gaussian_process,T_ext,48.14907938476989,0.14657812895099834,0.13163057673534215,0.22319247256324193,,,6.643849017330142,0.7368421052631579,,,,,,,,,,,,,,,,
cv_fold1,gnn,gaussian_process,v_ext,1.1962007025969865,0.41562691915494404,0.30922195033119376,0.7190878517867351,,,1.7682252677437127,0.8947368421052632,,,,,,,,,,,,,,,,
cv_fold1,gnn,gaussian_process,log_v_ext,0.43484656277451444,,,0.7172112963587691,0.5603332233923116,1.5447260222916839,,,,,,,,,,,,,,,,,,
cv_fold1,gnn,grid_gp,T_ext,26.31578947368421,0.08544277360066833,0.07194244604316546,0.6850828729281768,,,7.056800785145574,0.5789473684210527,,,,,,,,,,,,,,,,
cv_fold1,gnn,grid_gp,v_ext,1.4289473684210527,0.39310776942355885,0.36938775510204086,0.5911118926557236,,,3.8141758101428787,0.3684210526315789,,,,,,,,,,,,,,,,
cv_fold1,gnn,grid_gp,log_v_ext,0.45693555302242433,,,0.6790739491204116,0.5969223375156429,1.5792271045559851,,,,,,,,,,,,,,,,,,
cv_fold2,conventional,trees,T_ext,27.200964630158907,0.07990165453994962,0.07433803998304298,0.6219872430075639,,,,,,,,,,,,,,,,,,,,
cv_fold2,conventional,trees,v_ext,1.0047741873825793,0.5005707617843556,0.45112310453911725,0.5043106559753332,,,,,,,,,,,,,,,,,,,,
cv_fold2,conventional,trees,log_v_ext,0.4986573107357517,,,0.49614469036443154,0.5403926509641982,1.646509035854564,,,,,,,,,,,,,,,,,,
cv_fold2,conventional,gaussian_process,T_ext,48.49632753913604,0.1401490215780324,0.13253654731192457,0.07721927072968926,,,8.776112467052162,0.5454545454545454,,,,,,,,,,,,,,,,
cv_fold2,conventional,gaussian_process,v_ext,1.8473478469392688,0.971340306268962,0.8294214822992635,-0.8936248165098686,,,4.365149119778809,0.5909090909090909,,,,,,,,,,,,,,,,
cv_fold2,conventional,gaussian_process,log_v_ext,0.8040799474473918,,,-0.45257357638874396,0.9175412211141094,2.2346395668846752,,,,,,,,,,,,,,,,,,
cv_fold2,conventional,grid_gp,T_ext,34.09090909090909,0.09585137085137085,0.09316770186335403,0.3825701624815362,,,5.526339501370241,0.6363636363636364,,,,,,,,,,,,,,,,
cv_fold2,conventional,grid_gp,v_ext,0.825,0.4193722943722944,0.37040816326530607,0.41477228265122457,,,1.476912114610287,0.6363636363636364,,,,,,,,,,,,,,,,
cv_fold2,conventional,grid_gp,log_v_ext,0.3911994895554867,,,0.546477994167067,0.512691003712008,1.4787534798651785,,,,,,,,,,,,,,,,,,
cv_fold2,genai,trees,T_ext,30.175969802830412,0.0906047119714848,0.08246848890214523,0.5796258862288736,,,,,,,,,,,,,,,,,,,,
cv_fold2,genai,trees,v_ext,1.0059235354798324,0.4592009871028997,0.4516391383787003,0.43997590496863037,,,,,,,,,,,,,,,,,,,,
cv_fold2,genai,trees,log_v_ext,0.4194507687749075,,,0.5606254990578731,0.5046310149304049,1.5211258763204873,,,,,,,,,,,,,,,,,,
cv_fold2,genai,gaussian_process,T_ext,55.85424327911201,0.14850971337622995,0.1526451369118589,-0.4551655352318358,,,7.27768714942709,0.45454545454545453,,,,,,,,,,,,,,,,
cv_fold2,genai,gaussian_process,v_ext,1.1442621716544004,0.515427493726302,0.5137503627836083,-0.10431762859781801,,,8.206471601464465,0.5909090909090909,,,,,,,,,,,,,,,,
cv_fold2,genai,gaussian_process,log_v_ext,0.490424900829397,,,0.18291635175871224,0.6881605528889858,1.6330099398417166,,,,,,,,,,,,,,,,,,
cv_fold2,genai,grid_gp,T_ext,31.818181818181817,0.09339826839826838,0.08695652173913043,0.35007385524372225,,,6.033307838030253,0.6363636363636364,,,,,,,,,,,,,,,,
cv_fold2,genai,grid_gp,v_ext,0.7772727272727273,0.3263636363636364,0.3489795918367347,0.3880520124162038,,,1.66918839653448,0.5909090909090909,,,,,,,,,,,,,,,,
cv_fold2,genai,grid_gp,log_v_ext,0.3221165007489225,,,0.6404053642287106,0.45652347746076855,1.380045542931627,,,,,,,,,,,,,,,,,,
cv_fold2,gnn,trees,T_ext,25.277549838344655,0.07505796541029248,0.06908150266379905,0.6501888402127074,,,,,,,,,,,,,,,,,,,,
cv_fold2,gnn,trees,v_ext,0.7665992453202272,0.3213063953453639,0.34418741626622446,0.5898344368170586,,,,,,,,,,,,,,,,,,,,
cv_fold2,gnn,trees,log_v_ext,0.3422954439894436,,,0.6634331427513289,0.4416641899782144,1.4081762732783243,,,,,,,,,,,,,,,,,,
cv_fold2,gnn,gaussian_process,T_ext,34.536495051942644,0.10014395678679432,0.0943854523158681,0.4339603191199336,,,5.276529234125002,0.8181818181818182,,,,,,,,,,,,,,,,
cv_fold2,gnn,gaussian_process,v_ext,1.3977569544623138,0.7046069583568767,0.627564346901447,-0.15364597116675283,,,4.529860341735213,0.4090909090909091,,,,,,,,,,,,,,,,
cv_fold2,gnn,gaussian_process,log_v_ext,0.7028690291213913,,,-0.2587034954229597,0.8541187063120426,2.019538518492905,,,,,,,,,,,,,,,,,,
cv_fold2,gnn,grid_gp,T_ext,31.818181818181817,0.08971861471861471,0.08695652173913043,0.35007385524372225,,,6.208559960529087,0.5454545454545454,,,,,,,,,,,,,,,,
cv_fold2,gnn,grid_gp,v_ext,0.85,0.356504329004329,0.38163265306122446,0.34422359600386043,,,2.2191496424068538,0.5454545454545454,,,,,,,,,,,,,,,,
cv_fold2,gnn,grid_gp,log_v_ext,0.38135347271779857,,,0.5448524042929075,0.5136090184975731,1.4642650917072397,,,,,,,,,,,,,,,,,,
cv_fold3,conventional,trees,T_ext,56.66255169681138,0.13925718514467286,0.1379088559816573,-0.3293852910740709,,,,,,,,,,,,,,,,,,,,
cv_fold3,conventional,trees,v_ext,1.3641251280052693,0.688708615260866,0.5372410606870067,0.08147533673334173,,,,,,,,,,,,,,,,,,,,
cv_fold3,conventional,trees,log_v_ext,0.6183289062433484,,,0.08606216999686644,0.7483469397021079,1.855824192935122,,,,,,,,,,,,,,,,,,
cv_fold3,conventional,gaussian_process,T_ext,57.76002297304109,0.14085420547182909,0.14057995009311589,-0.12970115224117662,,,5.77709023990235,0.8260869565217391,,,,,,,,,,,,,,,,
cv_fold3,conventional,gaussian_process,v_ext,1.5207960423098532,0.8958619279367718,0.5989436468001135,-0.09908942902046136,,,2.5270110128584724,0.6086956521739131,,,,,,,,,,,,,,,,
cv_fold3,conventional,gaussian_process,log_v_ext,0.6217748728454195,,,-0.03931507659769817,0.7980282647737644,1.8622303324554699,,,,,,,,,,,,,,,,,,
cv_fold3,conventional,grid_gp,T_ext,47.82608695652174,0.11809868875086267,0.1164021164021164,-0.06153846153846154,,,8.603420313924735,0.34782608695652173,,,,,,,,,,,,,,,,
cv_fold3,conventional,grid_gp,v_ext,0.9652173913043479,0.5001035196687371,0.38013698630136994,0.5441845354126058,,,1.6223721620429585,0.6521739130434783,,,,,,,,,,,,,,,,
cv_fold3,conventional,grid_gp,log_v_ext,0.41394895362806705,,,0.5762406025863663,0.5095705623833722,1.5127799029878308,,,,,,,,,,,,,,,,,,
cv_fold3,genai,trees,T_ext,54.92009618899048,0.1367243994717364,0.13366795897849534,-0.2841122910388516,,,,,,,,,,,,,,,,,,,,
cv_fold3,genai,trees,v_ext,1.1338862196430544,0.529491870530972,0.4465647782840796,0.43281446713021565,,,,,,,,,,,,,,,,,,,,
cv_fold3,genai,trees,log_v_ext,0.5119301863517736,,,0.44221633458948084,0.5846252328018166,1.668508621399505,,,,,,,,,,,,,,,,,,
cv_fold3,genai,gaussian_process,T_ext,102.29086232192684,0.23836461359651367,0.24896188713273198,-2.597574098899943,,,13.84600087928749,0.21739130434782608,,,,,,,,,,,,,,,,
cv_fold3,genai,gaussian_process,v_ext,1.456216825942245,0.8711313676766751,0.5735100513128705,0.0911852811987538,,,4.66107430720467,0.4782608695652174,,,,,,,,,,,,,,,,
cv_fold3,genai,gaussian_process,log_v_ext,0.5512839866094531,,,0.1816949353176318,0.7081125303537033,1.7354799208840148,,,,,,,,,,,,,,,,,,
cv_fold3,genai,grid_gp,T_ext,47.82608695652174,0.12437888198757763,0.1164021164021164,-0.17948717948717952,,,8.431277614881084,0.391304347826087,,,,,,,,,,,,,,,,
cv_fold3,genai,grid_gp,v_ext,1.2130434782608694,0.5495736871823829,0.4777397260273972,0.35166684715905006,,,2.4137289563806825,0.391304347826087,,,,,,,,,,,,,,,,
cv_fold3,genai,grid_gp,log_v_ext,0.5483421037740807,,,0.3580052207313823,0.6272062943911232,1.7303818449415354,,,,,,,,,,,,,,,,,,
cv_fold3,gnn,trees,T_ext,51.559676209688305,0.12891172221755073,0.125489159028871,-0.17746862483151982,,,,,,,,,,,,,,,,,,,,
cv_fold3,gnn,trees,v_ext,1.1919951628834164,0.6602893889643836,0.46945014976572913,0.45261882119829533,,,,,,,,,,,,,,,,,,,,
cv_fold3,gnn,trees,log_v_ext,0.5724679876811599,,,0.29852398466997265,0.6556183086609791,1.7726365023913961,,,,,,,,,,,,,,,,,,
cv_fold3,gnn,gaussian_process,T_ext,55.629632756490835,0.1407153628795339,0.13539487337558614,-0.25012954597465353,,,6.041541853317998,0.5652173913043478,,,,,,,,,,,,,,,,
cv_fold3,gnn,gaussian_process,v_ext,1.525332272650639,1.1234530038828312,0.6007301758726832,0.03061957432225615,,,2.08975036133614,0.6956521739130435,,,,,,,,,,,,,,,,
cv_fold3,gnn,gaussian_process,log_v_ext,0.6548645451753442,,,-0.11979163383938407,0.8283488414260985,1.9248817651947032,,,,,,,,,,,,,,,,,,
cv_fold3,gnn,grid_gp,T_ext,45.65217391304348,0.11542443064182194,0.1111111111111111,-0.09102564102564092,,,10.013143024616408,0.34782608695652173,,,,,,,,,,,,,,,,
cv_fold3,gnn,grid_gp,v_ext,1.0739130434782609,0.6061904761904763,0.4229452054794521,0.5364008013861816,,,2.904546545210131,0.30434782608695654,,,,,,,,,,,,,,,,
cv_fold3,gnn,grid_gp,log_v_ext,0.5148447622583593,,,0.40125181824957046,0.6057128172623386,1.6733787101014472,,,,,,,,,,,,,,,,,,
cv_fold4,conventional,trees,T_ext,40.93088383132865,0.12200297476495119,0.11207265810959034,0.47478558378315916,,,,,,,,,,,,,,,,,,,,
cv_fold4,conventional,trees,v_ext,1.1720299798784963,0.7231540242094584,0.6313042046183938,0.24720337569150785,,,,,,,,,,,,,,,,,,,,
cv_fold4,conventional,trees,log_v_ext,0.5437468266309314,,,0.44360245330748294,0.6350010582754544,1.7224485027140695,,,,,,,,,,,,,,,,,,
cv_fold4,conventional,gaussian_process,T_ext,60.022824714867355,0.18673430099150015,0.16434821052880347,-0.29219564325527303,,,10.838881521662989,0.43478260869565216,,,,,,,,,,,,,,,,
cv_fold4,conventional,gaussian_process,v_ext,1.52934139255053,1.5126820342082963,0.8237670264323697,-0.30707040057373125,,,5.049733023713311,0.5652173913043478,,,,,,,,,,,,,,,,
cv_fold4,conventional,gaussian_process,log_v_ext,0.8243307701761488,,,-0.4708808697599789,1.0324537253729578,2.2803541735440245,,,,,,,,,,,,,,,,,,
cv_fold4,conventional,grid_gp,T_ext,36.95652173913044,0.11961697722567285,0.10119047619047619,0.30910852713178283,,,7.036614003377915,0.5652173913043478,,,,,,,,,,,,,,,,
cv_fold4,conventional,grid_gp,v_ext,0.7869565217391303,0.42898550724637685,0.42388758782201397,0.6045760152549498,,,1.7240136907077914,0.5652173913043478,,,,,,,,,,,,,,,,
cv_fold4,conventional,grid_gp,log_v_ext,0.3176819074146346,,,0.7176096325536796,0.452383530019464,1.3739391518536737,,,,,,,,,,,,,,,,,,
cv_fold4,genai,trees,T_ext,40.20927488175364,0.12474733462635801,0.11009682408099211,0.4314907806160988,,,,,,,,,,,,,,,,,,,,
cv_fold4,genai,trees,v_ext,1.1147770154258725,0.6033169634613483,0.600465371306676,0.3320272956918432,,,,,,,,,,,,,,,,,,,,
cv_fold4,genai,trees,log_v_ext,0.4558696165740868,,,0.5250054264536493,0.5867136198524542,1.5775446456814586,,,,,,,,,,,,,,,,,,
cv_fold4,genai,gaussian_process,T_ext,64.41857548694387,0.18991756367021453,0.17638419478567963,-0.24320000258103058,,,8.402667675710354,0.4782608695652174,,,,,,,,,,,,,,,,
cv_fold4,genai,gaussian_process,v_ext,1.5699007092277066,1.1035384803066508,0.845613965157781,-0.5415378076522426,,,7.76902338957163,0.6956521739130435,,,,,,,,,,,,,,,,
cv_fold4,genai,gaussian_process,log_v_ext,0.6403179206703018,,,0.0753201455861201,0.8186109391466059,1.897083905629502,,,,,,,,,,,,,,,,,,
cv_fold4,genai,grid_gp,T_ext,34.78260869565217,0.11471704623878537,0.09523809523809523,0.4205426356589146,,,7.432655322327145,0.4782608695652174,,,,,,,,,,,,,,,,
cv_fold4,genai,grid_gp,v_ext,0.991304347826087,0.48304347826086963,0.5339578454332552,0.30869668341047696,,,2.0573765765361567,0.5652173913043478,,,,,,,,,,,,,,,,
cv_fold4,genai,grid_gp,log_v_ext,0.35761560018372146,,,0.6189523208251261,0.5254985309667539,1.4299158554297544,,,,,,,,,,,,,,,,,,
cv_fold4,gnn,trees,T_ext,38.651620475302295,0.12184993477857893,0.10583181796808962,0.4601197446610472,,,,,,,,,,,,,,,,,,,,
cv_fold4,gnn,trees,v_ext,1.1291108955180384,0.6012838983673182,0.6081861966490605,0.3633165737699118,,,,,,,,,,,,,,,,,,,,
cv_fold4,gnn,trees,log_v_ext,0.4578568275649432,,,0.5356602749727395,0.5800958597053189,1.580682676672085,,,,,,,,,,,,,,,,,,
cv_fold4,gnn,gaussian_process,T_ext,55.73807529771757,0.180158392192292,0.15261615855327432,-0.1528777806285464,,,7.365504518337753,0.6086956521739131,,,,,,,,,,,,,,,,
cv_fold4,gnn,gaussian_process,v_ext,1.6373106487816553,1.0707636762115005,0.8819237686645918,-0.6768657743014712,,,1.3630097500214484,0.8260869565217391,,,,,,,,,,,,,,,,
cv_fold4,gnn,gaussian_process,log_v_ext,0.6268229801795373,,,0.13791907353516852,0.7904162570136027,1.87165483900084,,,,,,,,,,,,,,,,,,
cv_fold4,gnn,grid_gp,T_ext,36.95652173913044,0.11884057971014492,0.10119047619047619,0.3982558139534883,,,7.420280261055523,0.4782608695652174,,,,,,,,,,,,,,,,
cv_fold4,gnn,grid_gp,v_ext,0.9217391304347827,0.5304347826086957,0.49648711943793916,0.48866563808477115,,,2.3913946602012475,0.34782608695652173,,,,,,,,,,,,,,,,
cv_fold4,gnn,grid_gp,log_v_ext,0.3835135479637552,,,0.5862336984702439,0.5475949124636162,1.467431433021943,,,,,,,,,,,,,,,,,,
mean_std,conventional,gaussian_process,T_ext,,,,,,,,,52.06436525143965,6.940008703015046,0.15182701515934055,0.02035365298099746,0.13936127135142282,0.017041066867292485,0.039033527418274636,0.25496950261158996,,,,,8.92560886091366,2.5545559823626305,0.6065279800291241,0.15540559447364677
mean_std,conventional,gaussian_process,log_v_ext,,,,,,,,,0.7513103909348613,0.13791279309146984,,,,,-0.10064708728247596,0.4209137766862655,0.9065877615272319,0.16322566670892585,2.135836476824978,0.29101747917489035,,,,
mean_std,conventional,gaussian_process,v_ext,,,,,,,,,1.7144486672146122,0.21249620233076505,1.0471279861628844,0.4085805853486465,0.7045853842541312,0.13884207497352977,-0.2403810268004217,0.3948355190001551,,,,,4.137552712615315,1.302163272921669,0.5577012689827335,0.05214847625891989
mean_std,conventional,grid_gp,T_ext,,,,,,,,,38.11680882047015,5.64499142590574,0.10908684094954117,0.010915032609532907,0.10169042819574567,0.009514773032482056,0.3259395405460448,0.24330333128986145,,,,,6.9592850436241935,1.1152510326264424,0.515144580819638,0.10671337591468219
mean_std,conventional,grid_gp,log_v_ext,,,,,,,,,0.41974504875572227,0.08341421482911475,,,,,0.6317859234252683,0.10000129577279783,0.5358717711651162,0.08989650239038789,1.5258657240751226,0.12968001181534486,,,,
mean_std,conventional,grid_gp,v_ext,,,,,,,,,0.9760926773455377,0.19132096555002226,0.48734109086946614,0.12426730086006413,0.39400818258776393,0.0539392444944755,0.5489548927367823,0.10979832589747394,,,,,2.067535237025463,0.6535326193925943,0.5554878302475557,0.0919283328326176
mean_std,conventional,trees,T_ext,,,,,,,,,41.63971375720414,10.511774196841303,0.11867377439091775,0.023023246562167476,0.11081605745615615,0.02311491794449103,0.3490909186101903,0.3848490089026773,,,,,,,,
mean_std,conventional,trees,log_v_ext,,,,,,,,,0.5798642955483009,0.06898214258913764,,,,,0.417661910305769,0.20286849745145244,0.6689255413110834,0.09829175123943304,1.7892193007507042,0.12458052455134937,,,,
mean_std,conventional,trees,v_ext,,,,,,,,,1.3440244416332594,0.3322382641667791,0.6449125439061689,0.1558112576184719,0.5382037532675878,0.07227283277874717,0.27986222319545073,0.15542955803612377,,,,,,,,
mean_std,genai,gaussian_process,T_ext,,,,,,,,,72.07306456756181,18.047641180677626,0.19889467057336738,0.03352650958540263,0.19150579836379705,0.036514675053842496,-0.8128064092168265,1.006200172384012,,,,,9.688843614344183,2.5485166429513457,0.4342500520074891,0.13876580002677433
mean_std,genai,gaussian_process,log_v_ext,,,,,,,,,0.7424210920554334,0.27893880537461435,,,,,-0.056529431521053254,0.40279660973577514,0.9245891541770849,0.2877987365434558,2.1713186703003085,0.6585106362971134,,,,
mean_std,genai,gaussian_process,v_ext,,,,,,,,,1.7553205068465487,0.525354382715969,1.205223964378111,0.5716563303829378,0.7113856375481128,0.21083133070951665,-0.20036532875049504,0.3755804914832892,,,,,6.843522901588928,1.83604130216843,0.5177012689827335,0.13099873273862758
mean_std,genai,grid_gp,T_ext,,,,,,,,,35.20116496775536,7.2660339409540535,0.10494579003503487,0.013860831688473534,0.09365220039289479,0.013462780119465292,0.36707529638704467,0.328708448460507,,,,,7.03029474426059,0.9615040382417286,0.5169752444351987,0.09443816532303365
mean_std,genai,grid_gp,log_v_ext,,,,,,,,,0.45014244858354313,0.1088397003097352,,,,,0.5773705694432499,0.127394517203749,0.5738660618900444,0.08347158201660013,1.5759489822521409,0.1702156561305473,,,,
mean_std,genai,grid_gp,v_ext,,,,,,,,,1.0988504264614103,0.2347475933425013,0.49603095188564295,0.1453354616810601,0.44487817309651,0.08388665941106985,0.4142661140380084,0.09351908829357311,,,,,2.4146498325450247,0.569703938653919,0.4731703765342209,0.10068067298888397
mean_std,genai,trees,T_ext,,,,,,,,,39.238766443920134,10.09108328045634,0.11442535828637909,0.019202053146932824,0.10427372619170594,0.021201742249651653,0.39090381843412636,0.3878176055481331,,,,,,,,
mean_std,genai,trees,log_v_ext,,,,,,,,,0.4907496985813487,0.051330065701632066,,,,,0.5475113723094791,0.0702460864909675,0.5978018617075287,0.06408939168216211,1.635250580750475,0.08303420690484867,,,,
mean_std,genai,trees,v_ext,,,,,,,,,1.221776041473684,0.32058410095831663,0.558821461269593,0.10692808739489823,0.48843938588030245,0.06401712043550899,0.40922865772305056,0.08262641553935103,,,,,,,,
mean_std,gnn,gaussian_process,T_ext,,,,,,,,,49.45015059204785,8.88645473519594,0.14699533260422823,0.030618704260583735,0.13235956245674654,0.022910761666958834,0.08407507743908098,0.28123039386485627,,,,,6.317894921389163,0.7693607915297979,0.6857873933846473,0.10101624556688948
mean_std,gnn,gaussian_process,log_v_ext,,,,,,,,,0.6261792298485449,0.11246246192421236,,,,,0.12326939702727172,0.37357525978262424,0.798982576480151,0.14782157881458832,1.8795662971612555,0.199136410708752,,,,
mean_std,gnn,gaussian_process,v_ext,,,,,,,,,1.4428095842997364,0.1640888495199956,0.9450187027608115,0.38810759170319425,0.615486002575842,0.20430182577412442,0.01248450976420088,0.5048548996107444,,,,,2.3738639081255295,1.2432708391684228,0.705113376326191,0.18596816122391419
mean_std,gnn,grid_gp,T_ext,,,,,,,,,36.64853338880799,7.8341871647105625,0.10797654957551983,0.019493349632053018,0.09785122212788774,0.018608798574648512,0.35682689478305607,0.28164577107709077,,,,,7.526633077003845,1.4579835276565574,0.4800977740794674,0.09006636345378022
mean_std,gnn,grid_gp,log_v_ext,,,,,,,,,0.4431437543897621,0.05915202230549684,,,,,0.5677015125607128,0.10547809328913015,0.5794001018298978,0.048035674637696826,1.5597753619091357,0.09210950845848145,,,,
mean_std,gnn,grid_gp,v_ext,,,,,,,,,1.0119199084668193,0.2567091376866934,0.514308077506018,0.13922397190139194,0.4049709077899462,0.057154092875987945,0.5417241479012452,0.1474187970182173,,,,,2.856894177841395,0.6228426028415719,0.4232099022259206,0.11600884931780155
mean_std,gnn,trees,T_ext,,,,,,,,,36.5172274222934,10.06516204112423,0.1073110012984679,0.021554196631985524,0.09702747045371886,0.02186644789982103,0.443190721949556,0.35655897671770764,,,,,,,,
mean_std,gnn,trees,log_v_ext,,,,,,,,,0.47512327605719856,0.0849204224602133,,,,,0.5572193722959543,0.154441655133445,0.5845830025014752,0.08542168045269274,1.612782451454858,0.13369947646573752,,,,
mean_std,gnn,trees,v_ext,,,,,,,,,1.107067128197604,0.3320285934085294,0.5597288460738049,0.1677618924336658,0.4434412390429655,0.10300610512883089,0.5250739220715599,0.14516967777974593,,,,,,,,
